affiliated_hospital_name,department,doctor_count
GALEN INPATIENT PHYSICIANS PC,General/Other,215
"CEP AMERICA-ILLINOIS HOSPITALISTS, LLP",General/Other,141
24 ON PHYSICIANS PC,General/Other,105
"24 ON PHYSICIANS, P.C.",General/Other,102
FIRST DOCS PC,General/Other,82
CEP AMERICA-ILLINOIS HOSPITALISTS,General/Other,79
"ACS PRIMARY CARE PHYSICIANS SOUTHWEST, PA",General/Other,78
"SOUTHERN EMERGENCY PHYSICIANS, LLP",General/Other,76
ABINGTON MEMORIAL HOSPITAL,General/Other,70
"METROPOLITAN ACUTE CARE, LLP",General/Other,66
"ACS PRIMARY ADMITTING PROVIDERS, P.A.",General/Other,56
"SELECT SPECIALTY HOSPITAL - CLEVELAND, LLC",General/Other,52
AFTAB AHMAD MD PC,General/Other,49
ACHIEVE MEDICAL GROUP INC,General/Other,47
"ACUTE CARE SPECIALISTS, PLLC",General/Other,46
CANTRELL LAKE INPATIENT SERVICES LLC,General/Other,44
"24 ON PHYSICIANS OF CALIFORNIA, P.C.",General/Other,44
"APEX MEDICAL CARE, P.C.",General/Other,44
BAY VIEW INPATIENT SERVICES LLC,General/Other,44
"BREITBECK PHYSICIAN MEDICINE SERVICES, PC",General/Other,44
ALPATA INPATIENT SERVICES LLC,General/Other,42
AURELIA OSBORN FOX MEMORIAL HOSPITAL,General/Other,42
"HOSPITALMD OF CARO IP, INC.",General/Other,42
"ADDICTION CENTERS OF EXCELLENCE, INC.",General/Other,42
AURELIA OSBORN FOX MEMORIAL HOSPITAL - HOSPITALISTS,General/Other,42
"SOUTHEASTERN MEDICAL GROUP, PC",General/Other,42
ACADEMIC HOSPITALISTS MANAGEMENT GROUP INC,General/Other,42
ADEEB KIDNEY CARE INC,General/Other,42
ALLWELL HEALTH MEDICAL PC,General/Other,42
ABDULLAH KHALID MD,General/Other,41
ADIRONDACK MEDICAL CENTER,General/Other,41
"ATLANTIC HOSPITALIST PHYSICIANS, LLP",General/Other,41
ACADEMIC INTERNAL MEDICINE SPECIALISTS PLLC,General/Other,41
BRONXCARE HEALTH SYSTEM,General/Other,41
"DOCTORS OF EMERGENCY MEDICINE OF ILLINOIS III, LLC",General/Other,41
FLATWOODS INPATIENT SERVICES LLC,General/Other,41
"CRESCENT CIRCLE INPATIENT SERVICES,LLC",General/Other,41
ADULT PATIENT CARE PLLC,General/Other,41
ASSOCIATED HOSPITALISTS OF CROUSE LLC,General/Other,41
A.M. HEALTHCARE INC,General/Other,40
COMPREHENSIVE HOSPITALIST SERVICES OF NORTH CAROLINA LLC,General/Other,40
MICHIGAN EMERGENCY PHYSICIANS LLP,General/Other,40
COMPREHENSIVE HOSPITALIST OF GEORGIA LLC,General/Other,40
CLINICAL COLLEAGUES INC,General/Other,40
STEEL VALLEY HOSPITALISTS INC,General/Other,39
"DEGARA GARDEN CITY APP, PLLC",General/Other,39
"ADFINITAS HEALTH AT MARQUETTE, LLC",General/Other,39
UNITED WOUNDCARE INSTITUTE PENNSYLVANIA PLLC,General/Other,39
"ATLANTIC ISLES INPATIENT SERVICES,LLC.",General/Other,39
PA MEDICAL SERVICES PLLC,General/Other,39
MC HOSPITALISTS PC,General/Other,39
"ADFINITAS HEALTH AT UP MARQUETTE, PLLC",General/Other,39
"AURORA HOSPITALIST, PC",General/Other,39
"SOUTHEASTERN HOSPITALIST PHYSICIANS, LLP",General/Other,39
"CENTRAL CAROLINA HOSPITAL PRO FEE BILLING, LLC",General/Other,39
SELECT SPECIALTY HOSPITAL - ZANESVILLE INC,General/Other,38
ADENA HEALTH SYSTEM,General/Other,38
SELECT SPECIALTY HOSPITAL WINSTON SALEM INC,General/Other,38
HHA ASSOCIATES LLC,General/Other,38
SELECT SPECIALTY HOSPITAL - NORTHEAST OHIO INC,General/Other,38
"ATLANTIC HOSPITALISTS PHYSICIANS, LLP",General/Other,38
90265 MEDICAL GROUP INC.,General/Other,38
AUBURN COMMUNITY HOSPITAL,General/Other,38
CAROMONT MEDICAL GROUP INC,General/Other,37
ADVANCED CARE MULTISPECIALTY MEDICAL GROUP APC,General/Other,37
"ANTHEM MEDICAL HEALTHCARE, PC",General/Other,37
"BAY COUNTY INPATIENT SERVICES, LLC",General/Other,37
ACCESS MEDICAL ASSOCIATES,General/Other,37
"CAROMONT MEDICAL GROUP, INC.",General/Other,37
"GREAT LAKES MEDICINE, PLC",General/Other,37
"HILLBURN PARK INPATIENT SERVICES, LLC",General/Other,36
ADAM RAJOULH M.D.,General/Other,36
APOGEE MEDICAL GROUP GEORGIA,General/Other,36
ADAM RAJOULH MD CORP,General/Other,36
"HOSPITAL CARE CONSULTANTS OF GALESBURG, INC",General/Other,36
GREAR HOPE INPATIENT SERVICES LLC,General/Other,36
HOSPITAL CARE CONSULTANTS OF SANDWICH LLC,General/Other,36
"IREDELL COUNTY GROUP SERVICES, PLLC",General/Other,35
CABBAGE PALM INPATIENT SERVICES LLC,General/Other,35
"ADVANCED INPATIENT MEDICINE WAYNE, PC",General/Other,35
GALEN INPATIENT PHYSICIANS PC,Internal Medicine,35
"FRYE GROUP SERVICES, PLLC",General/Other,35
OHRH LLC,General/Other,35
INPATIENT CARE,General/Other,35
"ABBASI SCHAINKER PHYSICIAN NETWORK, LLC",General/Other,35
"AALIYA I AMER,MD PA",General/Other,34
ADVANCED INPATIENT MEDICINE PC,General/Other,34
AIMERGENCY CONNECT CARE,General/Other,34
COMPREHENSIVE HOSPITALISTS OF GEORGIA LLC,General/Other,34
CITY OF HOPE MEDICAL GROUP OF GEORGIA LLC,General/Other,34
CS PACS 3 MIDWEST LLC,General/Other,34
"ACUTE BEHAVIORAL MEDICAL GROUP OF CALIFORNIA, INC.",General/Other,34
"ACCESS HOSPITALISTS, LLC",General/Other,33
"ALEXANDRE SCHEER, MD, PC",General/Other,33
"HNI MEDICAL SERVICES OF NORTH CAROLINA, PC",General/Other,33
"CANDLELIT MEDICAL CARE OF NEW YORK, P.C.",General/Other,33
NORTHWEST HOSPITALIST PHYSICIANS LLP,General/Other,33
SELECT SPECIALTY HOSPITAL - DURHAM INC.,General/Other,33
BETH ISRAEL MEDICAL CENTER - PROFESSIONAL SERVICES,General/Other,33
AMERICAN HOSPITALISTS PLC,General/Other,32
ACUTE MEDICAL PROVIDERS - INPATIENT INC.,General/Other,32
ASCENSION ST JOHN HOSPITAL,General/Other,32
"ACUTE CARE ASSOCIATES, INC",General/Other,32
CHARTER INPATIENT SERVICES LLC,General/Other,31
BIBB INPATIENT SERVICES LLC,General/Other,31
"4 YOUR HEALTH MA, LLC",General/Other,30
ALAMO CITY POST ACUTE PLLC,General/Other,30
AA HEALTH PLLC,General/Other,30
"ALAMO PHYSICIAN SERVICES, PLLC",General/Other,30
ADYA PHYSICIAN SERVICES PLLC,General/Other,30
EDWARD W. SPARROW HOSPITAL ASSOCIATION,General/Other,30
ABOSHADY IN PATIENT SERVICES INC,General/Other,29
HNI MEDICAL SERVICES,General/Other,28
BAY SOUND INPATIENT SERVICES LLC,General/Other,28
"ADNAN YOUSUF, M.D., P.A.",General/Other,28
"AHA OF TEXAS, LLC",General/Other,28
ADVANCED INPATIENT MEDICINE ASSOCIATES PC,General/Other,28
STEEL VALLEY EMERGENCY PHYSICIANS TWIN CITY INC,General/Other,27
"FAMILY RECOVERY, LLC",General/Other,27
"HNI HOSPITAL SERVICES OF FLORIDA, LLC",General/Other,26
1977 ENTERPRISE LLC,General/Other,26
AGRX MANAGEMENT & CONSULTING PA,General/Other,26
"HNI MEDICAL SERVICES OF FLORIDA, LLC",General/Other,26
UNITED WOUNDCARE INSTITUTE NORTH CAROLINA PLLC,General/Other,25
ESS HOSPITALIST LLC,General/Other,25
"CARLISLE HMA PHYSICIAN MANAGEMENT, LLC",General/Other,25
TELEHEALTH SOLUTION PLLC,General/Other,25
"CS PACS 3 IL, S.C.",General/Other,24
"REGENCY HOSPITAL OF TOLEDO, LLC",General/Other,24
ABINGTON MEMORIAL HOSPITAL,Internal Medicine,22
"SELECT SPECIALTY HOSPITAL - CLEVELAND, LLC",Internal Medicine,22
UNITED WOUND & VASCULAR INSTITUTE OHIO PLLC,General/Other,21
ACUTE CARE OF GROSSE POINTE PC,General/Other,20
"ACS PRIMARY ADMITTING PROVIDERS, P.A.",Internal Medicine,20
"24 ON PHYSICIANS, P.C.",Pediatrics,14
"CEP AMERICA-ILLINOIS HOSPITALISTS, LLP",Internal Medicine,13
"CS PACS 3 IL, S.C.",Internal Medicine,12
"HNI HOSPITAL SERVICES OF FLORIDA, LLC",Internal Medicine,12
"HNI MEDICAL SERVICES OF FLORIDA, LLC",Internal Medicine,12
"METROPOLITAN ACUTE CARE, LLP",Internal Medicine,12
"REGENCY HOSPITAL OF TOLEDO, LLC",Internal Medicine,12
UNITED WOUND & VASCULAR INSTITUTE OHIO PLLC,Internal Medicine,11
24 ON PHYSICIANS PC,Internal Medicine,11
"24 ON PHYSICIANS, P.C.",Internal Medicine,11
GALEN INPATIENT PHYSICIANS PC,Pediatrics,11
"CEP AMERICA-ILLINOIS HOSPITALISTS, LLP",Family Medicine,11
"HNI MEDICAL SERVICES OF NORTH CAROLINA, PC",Internal Medicine,10
"AHA OF TEXAS, LLC",Internal Medicine,10
"SELECT SPECIALTY HOSPITAL - CLEVELAND, LLC",Surgery,10
"ADNAN YOUSUF, M.D., P.A.",Internal Medicine,10
SELECT SPECIALTY HOSPITAL - DURHAM INC.,Internal Medicine,10
"ACS PRIMARY CARE PHYSICIANS SOUTHWEST, PA",Internal Medicine,10
EDWARD W. SPARROW HOSPITAL ASSOCIATION,Internal Medicine,9
"SOUTHERN EMERGENCY PHYSICIANS, LLP",Family Medicine,9
"CEP AMERICA-ILLINOIS HOSPITALISTS, LLP",General Practice,9
GALEN INPATIENT PHYSICIANS PC,Surgery,8
ACUTE CARE OF GROSSE POINTE PC,Obstetrics & Gynecology,8
24 ON PHYSICIANS PC,Family Medicine,8
CEP AMERICA-ILLINOIS HOSPITALISTS,Internal Medicine,8
1977 ENTERPRISE LLC,Internal Medicine,8
ADVANCED INPATIENT MEDICINE ASSOCIATES PC,Internal Medicine,8
ADVANCED INPATIENT MEDICINE PC,Internal Medicine,8
"FRYE GROUP SERVICES, PLLC",Internal Medicine,8
AGRX MANAGEMENT & CONSULTING PA,Internal Medicine,8
FIRST DOCS PC,General Practice,8
ASCENSION ST JOHN HOSPITAL,Internal Medicine,7
HNI MEDICAL SERVICES,Psychiatry,7
GALEN INPATIENT PHYSICIANS PC,Family Medicine,7
EDWARD W. SPARROW HOSPITAL ASSOCIATION,Pediatrics,7
STEEL VALLEY EMERGENCY PHYSICIANS TWIN CITY INC,Emergency Medicine,7
AMERICAN HOSPITALISTS PLC,Internal Medicine,7
"CARLISLE HMA PHYSICIAN MANAGEMENT, LLC",Internal Medicine,7
24 ON PHYSICIANS PC,Pediatrics,7
"FAMILY RECOVERY, LLC",Internal Medicine,7
ACUTE MEDICAL PROVIDERS - INPATIENT INC.,Internal Medicine,7
"HILLBURN PARK INPATIENT SERVICES, LLC",Internal Medicine,7
"CEP AMERICA-ILLINOIS HOSPITALISTS, LLP",Emergency Medicine,7
"BAY COUNTY INPATIENT SERVICES, LLC",Internal Medicine,7
24 ON PHYSICIANS PC,Surgery,7
NORTHWEST HOSPITALIST PHYSICIANS LLP,Internal Medicine,6
CS PACS 3 MIDWEST LLC,Internal Medicine,6
"CAROMONT MEDICAL GROUP, INC.",Internal Medicine,6
TELEHEALTH SOLUTION PLLC,Surgery,6
ABOSHADY IN PATIENT SERVICES INC,Internal Medicine,6
CHARTER INPATIENT SERVICES LLC,Internal Medicine,6
UNITED WOUNDCARE INSTITUTE NORTH CAROLINA PLLC,Internal Medicine,6
90265 MEDICAL GROUP INC.,Family Medicine,6
ABOSHADY IN PATIENT SERVICES INC,Surgery,6
"ACS PRIMARY ADMITTING PROVIDERS, P.A.",General Practice,6
"ACCESS HOSPITALISTS, LLC",Internal Medicine,6
TELEHEALTH SOLUTION PLLC,Internal Medicine,6
UNITED WOUNDCARE INSTITUTE NORTH CAROLINA PLLC,Surgery,6
BIBB INPATIENT SERVICES LLC,Internal Medicine,6
CAROMONT MEDICAL GROUP INC,Internal Medicine,6
UNITED WOUND & VASCULAR INSTITUTE OHIO PLLC,Anesthesiology,6
"SOUTHERN EMERGENCY PHYSICIANS, LLP",Internal Medicine,6
"24 ON PHYSICIANS, P.C.",Family Medicine,6
"ACS PRIMARY CARE PHYSICIANS SOUTHWEST, PA",General Practice,6
"ANTHEM MEDICAL HEALTHCARE, PC",Internal Medicine,6
"FAMILY RECOVERY, LLC",Surgery,5
"CENTRAL CAROLINA HOSPITAL PRO FEE BILLING, LLC",Internal Medicine,5
SELECT SPECIALTY HOSPITAL - ZANESVILLE INC,Internal Medicine,5
ADVANCED CARE MULTISPECIALTY MEDICAL GROUP APC,Internal Medicine,5
BIBB INPATIENT SERVICES LLC,Family Medicine,5
HNI MEDICAL SERVICES,Internal Medicine,5
GREAR HOPE INPATIENT SERVICES LLC,Internal Medicine,5
GALEN INPATIENT PHYSICIANS PC,Emergency Medicine,5
"GREAT LAKES MEDICINE, PLC",Internal Medicine,5
AGRX MANAGEMENT & CONSULTING PA,Surgery,5
"ACUTE CARE ASSOCIATES, INC",Internal Medicine,5
APOGEE MEDICAL GROUP GEORGIA,Internal Medicine,5
BAY SOUND INPATIENT SERVICES LLC,Internal Medicine,5
"IREDELL COUNTY GROUP SERVICES, PLLC",Internal Medicine,5
ASSOCIATED HOSPITALISTS OF CROUSE LLC,Internal Medicine,5
CHARTER INPATIENT SERVICES LLC,Family Medicine,5
MC HOSPITALISTS PC,Internal Medicine,5
CABBAGE PALM INPATIENT SERVICES LLC,Internal Medicine,5
"AURORA HOSPITALIST, PC",Internal Medicine,5
STEEL VALLEY EMERGENCY PHYSICIANS TWIN CITY INC,Internal Medicine,5
BAY SOUND INPATIENT SERVICES LLC,Pediatrics,4
"ACS PRIMARY ADMITTING PROVIDERS, P.A.",Obstetrics & Gynecology,4
PA MEDICAL SERVICES PLLC,Internal Medicine,4
CEP AMERICA-ILLINOIS HOSPITALISTS,General Practice,4
"ACUTE CARE ASSOCIATES, INC",Emergency Medicine,4
"ACUTE BEHAVIORAL MEDICAL GROUP OF CALIFORNIA, INC.",Internal Medicine,4
"ACUTE BEHAVIORAL MEDICAL GROUP OF CALIFORNIA, INC.",General Practice,4
"SELECT SPECIALTY HOSPITAL - CLEVELAND, LLC",Anesthesiology,4
"REGENCY HOSPITAL OF TOLEDO, LLC",Surgery,4
"REGENCY HOSPITAL OF TOLEDO, LLC",Psychiatry,4
AUBURN COMMUNITY HOSPITAL,Pediatrics,4
"ABBASI SCHAINKER PHYSICIAN NETWORK, LLC",Internal Medicine,4
HOSPITAL CARE CONSULTANTS OF SANDWICH LLC,Surgery,4
"FRYE GROUP SERVICES, PLLC",Pediatrics,4
ADYA PHYSICIAN SERVICES PLLC,Family Medicine,4
"4 YOUR HEALTH MA, LLC",Family Medicine,4
"4 YOUR HEALTH MA, LLC",Internal Medicine,4
"4 YOUR HEALTH MA, LLC",General Practice,4
AA HEALTH PLLC,Family Medicine,4
"ADVANCED INPATIENT MEDICINE WAYNE, PC",Family Medicine,4
GALEN INPATIENT PHYSICIANS PC,General Practice,4
"ADVANCED INPATIENT MEDICINE WAYNE, PC",Internal Medicine,4
STEEL VALLEY HOSPITALISTS INC,Internal Medicine,4
AGRX MANAGEMENT & CONSULTING PA,General Practice,4
ADYA PHYSICIAN SERVICES PLLC,Internal Medicine,4
FIRST DOCS PC,Pediatrics,4
FIRST DOCS PC,Internal Medicine,4
ADYA PHYSICIAN SERVICES PLLC,General Practice,4
"ALAMO PHYSICIAN SERVICES, PLLC",General Practice,4
AA HEALTH PLLC,General Practice,4
"CARLISLE HMA PHYSICIAN MANAGEMENT, LLC",Surgery,4
"ALAMO PHYSICIAN SERVICES, PLLC",Internal Medicine,4
AIMERGENCY CONNECT CARE,General Practice,4
ALAMO CITY POST ACUTE PLLC,Internal Medicine,4
ALAMO CITY POST ACUTE PLLC,General Practice,4
"ALAMO PHYSICIAN SERVICES, PLLC",Family Medicine,4
AIMERGENCY CONNECT CARE,Internal Medicine,4
ALAMO CITY POST ACUTE PLLC,Family Medicine,4
CLINICAL COLLEAGUES INC,Internal Medicine,4
INPATIENT CARE,Obstetrics & Gynecology,4
BAY SOUND INPATIENT SERVICES LLC,Surgery,4
COMPREHENSIVE HOSPITALISTS OF GEORGIA LLC,Family Medicine,4
AA HEALTH PLLC,Internal Medicine,4
OHRH LLC,Pediatrics,4
"METROPOLITAN ACUTE CARE, LLP",Obstetrics & Gynecology,4
ACUTE CARE OF GROSSE POINTE PC,Internal Medicine,4
OHRH LLC,Emergency Medicine,4
"METROPOLITAN ACUTE CARE, LLP",Emergency Medicine,4
ACADEMIC INTERNAL MEDICINE SPECIALISTS PLLC,Internal Medicine,4
"SELECT SPECIALTY HOSPITAL - CLEVELAND, LLC","Ear, Nose & Throat (ENT)",4
CITY OF HOPE MEDICAL GROUP OF GEORGIA LLC,Internal Medicine,4
"METROPOLITAN ACUTE CARE, LLP",Ophthalmology,4
AUBURN COMMUNITY HOSPITAL,Internal Medicine,4
STEEL VALLEY EMERGENCY PHYSICIANS TWIN CITY INC,Family Medicine,4
UNITED WOUNDCARE INSTITUTE PENNSYLVANIA PLLC,Internal Medicine,4
"ATLANTIC ISLES INPATIENT SERVICES,LLC.",Internal Medicine,4
"ACS PRIMARY ADMITTING PROVIDERS, P.A.",Psychiatry,4
"CEP AMERICA-ILLINOIS HOSPITALISTS, LLP",Obstetrics & Gynecology,4
1977 ENTERPRISE LLC,Physical Medicine & Rehabilitation,3
ABOSHADY IN PATIENT SERVICES INC,Urology,3
ACADEMIC HOSPITALISTS MANAGEMENT GROUP INC,Physical Medicine & Rehabilitation,3
UNITED WOUND & VASCULAR INSTITUTE OHIO PLLC,Radiology,3
UNITED WOUNDCARE INSTITUTE NORTH CAROLINA PLLC,Family Medicine,3
UNITED WOUNDCARE INSTITUTE NORTH CAROLINA PLLC,Pediatrics,3
STEEL VALLEY EMERGENCY PHYSICIANS TWIN CITY INC,Radiology,3
24 ON PHYSICIANS PC,Emergency Medicine,3
24 ON PHYSICIANS PC,General Practice,3
1977 ENTERPRISE LLC,Pediatrics,3
ACHIEVE MEDICAL GROUP INC,General Practice,3
CEP AMERICA-ILLINOIS HOSPITALISTS,Surgery,3
AURELIA OSBORN FOX MEMORIAL HOSPITAL - HOSPITALISTS,Internal Medicine,3
"ACCESS HOSPITALISTS, LLC",Physical Medicine & Rehabilitation,3
ACCESS MEDICAL ASSOCIATES,Internal Medicine,3
"CEP AMERICA-ILLINOIS HOSPITALISTS, LLP",Surgery,3
"CEP AMERICA-ILLINOIS HOSPITALISTS, LLP",Urology,3
ADENA HEALTH SYSTEM,Pediatrics,3
ADEEB KIDNEY CARE INC,Physical Medicine & Rehabilitation,3
INPATIENT CARE,Internal Medicine,3
"ADDICTION CENTERS OF EXCELLENCE, INC.",Internal Medicine,3
AURELIA OSBORN FOX MEMORIAL HOSPITAL,Internal Medicine,3
ABDULLAH KHALID MD,Internal Medicine,3
SELECT SPECIALTY HOSPITAL WINSTON SALEM INC,Internal Medicine,3
BAY SOUND INPATIENT SERVICES LLC,Obstetrics & Gynecology,3
"SOUTHEASTERN HOSPITALIST PHYSICIANS, LLP",Family Medicine,3
"CENTRAL CAROLINA HOSPITAL PRO FEE BILLING, LLC",Emergency Medicine,3
ACUTE CARE OF GROSSE POINTE PC,Surgery,3
COMPREHENSIVE HOSPITALIST SERVICES OF NORTH CAROLINA LLC,Internal Medicine,3
"ANTHEM MEDICAL HEALTHCARE, PC",Psychiatry,3
"ANTHEM MEDICAL HEALTHCARE, PC",Emergency Medicine,3
COMPREHENSIVE HOSPITALIST SERVICES OF NORTH CAROLINA LLC,Surgery,3
"HOSPITALMD OF CARO IP, INC.",Internal Medicine,3
ACUTE CARE OF GROSSE POINTE PC,Radiology,3
COMPREHENSIVE HOSPITALIST OF GEORGIA LLC,Family Medicine,3
ACUTE MEDICAL PROVIDERS - INPATIENT INC.,Emergency Medicine,3
SELECT SPECIALTY HOSPITAL - NORTHEAST OHIO INC,Internal Medicine,3
ACADEMIC INTERNAL MEDICINE SPECIALISTS PLLC,Pediatrics,3
SELECT SPECIALTY HOSPITAL - NORTHEAST OHIO INC,Emergency Medicine,3
CLINICAL COLLEAGUES INC,Family Medicine,3
APOGEE MEDICAL GROUP GEORGIA,Pediatrics,3
CITY OF HOPE MEDICAL GROUP OF GEORGIA LLC,Anesthesiology,3
"ATLANTIC HOSPITALISTS PHYSICIANS, LLP",General Practice,3
NORTHWEST HOSPITALIST PHYSICIANS LLP,Pediatrics,3
ALPATA INPATIENT SERVICES LLC,General Practice,3
SELECT SPECIALTY HOSPITAL WINSTON SALEM INC,Anesthesiology,3
COMPREHENSIVE HOSPITALISTS OF GEORGIA LLC,Internal Medicine,3
COMPREHENSIVE HOSPITALISTS OF GEORGIA LLC,Physical Medicine & Rehabilitation,3
"ABBASI SCHAINKER PHYSICIAN NETWORK, LLC",Family Medicine,3
HHA ASSOCIATES LLC,Internal Medicine,3
ADULT PATIENT CARE PLLC,Internal Medicine,3
"AALIYA I AMER,MD PA",Family Medicine,3
"DEGARA GARDEN CITY APP, PLLC",General Practice,3
"CARLISLE HMA PHYSICIAN MANAGEMENT, LLC",Family Medicine,3
"BREITBECK PHYSICIAN MEDICINE SERVICES, PC",Internal Medicine,3
HOSPITAL CARE CONSULTANTS OF SANDWICH LLC,Family Medicine,3
HOSPITAL CARE CONSULTANTS OF SANDWICH LLC,Orthopedic Surgery,3
"HOSPITAL CARE CONSULTANTS OF GALESBURG, INC",Emergency Medicine,3
"ADFINITAS HEALTH AT UP MARQUETTE, PLLC",Internal Medicine,3
"HNI MEDICAL SERVICES OF FLORIDA, LLC",Surgery,3
"ADFINITAS HEALTH AT MARQUETTE, LLC",Internal Medicine,3
"DEGARA GARDEN CITY APP, PLLC",Family Medicine,3
"DEGARA GARDEN CITY APP, PLLC",Emergency Medicine,3
"HNI HOSPITAL SERVICES OF FLORIDA, LLC",Surgery,3
"ADNAN YOUSUF, M.D., P.A.",General Practice,3
"CS PACS 3 IL, S.C.",Anesthesiology,3
GALEN INPATIENT PHYSICIANS PC,Obstetrics & Gynecology,3
ADVANCED INPATIENT MEDICINE PC,Family Medicine,3
"DOCTORS OF EMERGENCY MEDICINE OF ILLINOIS III, LLC",Internal Medicine,3
GALEN INPATIENT PHYSICIANS PC,Radiology,3
ESS HOSPITALIST LLC,Pediatrics,3
ADVANCED INPATIENT MEDICINE ASSOCIATES PC,Psychiatry,3
"GREAT LAKES MEDICINE, PLC",General Practice,3
TELEHEALTH SOLUTION PLLC,Family Medicine,3
"24 ON PHYSICIANS, P.C.",Physical Medicine & Rehabilitation,3
"24 ON PHYSICIANS, P.C.",Surgery,3
"24 ON PHYSICIANS, P.C.",Urology,3
CANTRELL LAKE INPATIENT SERVICES LLC,Family Medicine,3
"AHA OF TEXAS, LLC",General Practice,3
TELEHEALTH SOLUTION PLLC,Pediatrics,3
1977 ENTERPRISE LLC,Radiology,3
UNITED WOUND & VASCULAR INSTITUTE OHIO PLLC,Pediatrics,2
UNITED WOUND & VASCULAR INSTITUTE OHIO PLLC,"Ear, Nose & Throat (ENT)",2
TELEHEALTH SOLUTION PLLC,Obstetrics & Gynecology,2
24 ON PHYSICIANS PC,Psychiatry,2
UNITED WOUNDCARE INSTITUTE NORTH CAROLINA PLLC,Obstetrics & Gynecology,2
"24 ON PHYSICIANS OF CALIFORNIA, P.C.",Internal Medicine,2
"24 ON PHYSICIANS OF CALIFORNIA, P.C.",General Practice,2
1977 ENTERPRISE LLC,Psychiatry,2
"AHA OF TEXAS, LLC",Psychiatry,2
"AHA OF TEXAS, LLC",Obstetrics & Gynecology,2
FIRST DOCS PC,Anesthesiology,2
"FAMILY RECOVERY, LLC",Obstetrics & Gynecology,2
FLATWOODS INPATIENT SERVICES LLC,Surgery,2
FLATWOODS INPATIENT SERVICES LLC,General Practice,2
AGRX MANAGEMENT & CONSULTING PA,Family Medicine,2
AGRX MANAGEMENT & CONSULTING PA,Emergency Medicine,2
ADYA PHYSICIAN SERVICES PLLC,Surgery,2
ADYA PHYSICIAN SERVICES PLLC,Pediatrics,2
GALEN INPATIENT PHYSICIANS PC,Anesthesiology,2
"ADVANCED INPATIENT MEDICINE WAYNE, PC",Surgery,2
"ADVANCED INPATIENT MEDICINE WAYNE, PC",Pediatrics,2
HHA ASSOCIATES LLC,Anesthesiology,2
ADVANCED INPATIENT MEDICINE ASSOCIATES PC,Pediatrics,2
ADVANCED INPATIENT MEDICINE ASSOCIATES PC,Pathology,2
ADVANCED CARE MULTISPECIALTY MEDICAL GROUP APC,Psychiatry,2
GALEN INPATIENT PHYSICIANS PC,Psychiatry,2
"FAMILY RECOVERY, LLC",Family Medicine,2
ESS HOSPITALIST LLC,General Practice,2
AIMERGENCY CONNECT CARE,Pediatrics,2
"HILLBURN PARK INPATIENT SERVICES, LLC",Physical Medicine & Rehabilitation,2
ADULT PATIENT CARE PLLC,General Practice,2
"ADNAN YOUSUF, M.D., P.A.",Psychiatry,2
HHA ASSOCIATES LLC,Pediatrics,2
HHA ASSOCIATES LLC,Family Medicine,2
HHA ASSOCIATES LLC,Emergency Medicine,2
AIMERGENCY CONNECT CARE,Family Medicine,2
"ALEXANDRE SCHEER, MD, PC",General Practice,2
"ALEXANDRE SCHEER, MD, PC",Anesthesiology,2
"ALAMO PHYSICIAN SERVICES, PLLC",Surgery,2
"ALAMO PHYSICIAN SERVICES, PLLC",Pediatrics,2
ALAMO CITY POST ACUTE PLLC,Surgery,2
ALAMO CITY POST ACUTE PLLC,Pediatrics,2
"DOCTORS OF EMERGENCY MEDICINE OF ILLINOIS III, LLC",General Practice,2
HNI MEDICAL SERVICES,Urology,2
HNI MEDICAL SERVICES,Pediatrics,2
"ADNAN YOUSUF, M.D., P.A.",Obstetrics & Gynecology,2
ADIRONDACK MEDICAL CENTER,Surgery,2
ADIRONDACK MEDICAL CENTER,Pediatrics,2
HNI MEDICAL SERVICES,Family Medicine,2
"HNI HOSPITAL SERVICES OF FLORIDA, LLC",Pediatrics,2
"HNI HOSPITAL SERVICES OF FLORIDA, LLC",Pathology,2
CS PACS 3 MIDWEST LLC,Urology,2
CS PACS 3 MIDWEST LLC,Pediatrics,2
"ALEXANDRE SCHEER, MD, PC",Surgery,2
"ALEXANDRE SCHEER, MD, PC",Psychiatry,2
"ALEXANDRE SCHEER, MD, PC",Obstetrics & Gynecology,2
"ALEXANDRE SCHEER, MD, PC",Internal Medicine,2
"CS PACS 3 IL, S.C.",Radiology,2
"CS PACS 3 IL, S.C.",Pediatrics,2
"CS PACS 3 IL, S.C.",Obstetrics & Gynecology,2
"HOSPITAL CARE CONSULTANTS OF GALESBURG, INC",Family Medicine,2
"HNI MEDICAL SERVICES OF NORTH CAROLINA, PC",Surgery,2
"HNI MEDICAL SERVICES OF NORTH CAROLINA, PC",Radiology,2
"HNI MEDICAL SERVICES OF FLORIDA, LLC",Pediatrics,2
"HNI MEDICAL SERVICES OF FLORIDA, LLC",Pathology,2
"CS PACS 3 IL, S.C.",Emergency Medicine,2
AMERICAN HOSPITALISTS PLC,Pathology,2
AMERICAN HOSPITALISTS PLC,Family Medicine,2
AMERICAN HOSPITALISTS PLC,Emergency Medicine,2
ALPATA INPATIENT SERVICES LLC,Family Medicine,2
"CRESCENT CIRCLE INPATIENT SERVICES,LLC",Emergency Medicine,2
COMPREHENSIVE HOSPITALISTS OF GEORGIA LLC,Obstetrics & Gynecology,2
HOSPITAL CARE CONSULTANTS OF SANDWICH LLC,Internal Medicine,2
HOSPITAL CARE CONSULTANTS OF SANDWICH LLC,Emergency Medicine,2
ADENA HEALTH SYSTEM,Psychiatry,2
ADENA HEALTH SYSTEM,Internal Medicine,2
ADENA HEALTH SYSTEM,Family Medicine,2
ADEEB KIDNEY CARE INC,Ophthalmology,2
"HOSPITAL CARE CONSULTANTS OF GALESBURG, INC",Surgery,2
"HOSPITAL CARE CONSULTANTS OF GALESBURG, INC",Obstetrics & Gynecology,2
"IREDELL COUNTY GROUP SERVICES, PLLC",Anesthesiology,2
INPATIENT CARE,Pediatrics,2
INPATIENT CARE,Orthopedic Surgery,2
"ADDICTION CENTERS OF EXCELLENCE, INC.",Pediatrics,2
ADAM RAJOULH MD CORP,Pediatrics,2
ADAM RAJOULH MD CORP,Obstetrics & Gynecology,2
ADAM RAJOULH MD CORP,Internal Medicine,2
APOGEE MEDICAL GROUP GEORGIA,Family Medicine,2
"APEX MEDICAL CARE, P.C.",Internal Medicine,2
COMPREHENSIVE HOSPITALIST SERVICES OF NORTH CAROLINA LLC,Family Medicine,2
ACUTE MEDICAL PROVIDERS - INPATIENT INC.,Family Medicine,2
ACUTE CARE OF GROSSE POINTE PC,Pediatrics,2
ACUTE CARE OF GROSSE POINTE PC,Pathology,2
ADAM RAJOULH M.D.,Pediatrics,2
ADAM RAJOULH M.D.,Obstetrics & Gynecology,2
ADAM RAJOULH M.D.,Internal Medicine,2
ACUTE MEDICAL PROVIDERS - INPATIENT INC.,Psychiatry,2
"IREDELL COUNTY GROUP SERVICES, PLLC",Pediatrics,2
"IREDELL COUNTY GROUP SERVICES, PLLC",Obstetrics & Gynecology,2
COMPREHENSIVE HOSPITALIST OF GEORGIA LLC,Emergency Medicine,2
ASCENSION ST JOHN HOSPITAL,Pathology,2
ASCENSION ST JOHN HOSPITAL,Family Medicine,2
ASCENSION ST JOHN HOSPITAL,Emergency Medicine,2
APOGEE MEDICAL GROUP GEORGIA,Pathology,2
CITY OF HOPE MEDICAL GROUP OF GEORGIA LLC,Surgery,2
CITY OF HOPE MEDICAL GROUP OF GEORGIA LLC,Pediatrics,2
"METROPOLITAN ACUTE CARE, LLP",Surgery,2
"METROPOLITAN ACUTE CARE, LLP",Pediatrics,2
"METROPOLITAN ACUTE CARE, LLP",General Practice,2
"METROPOLITAN ACUTE CARE, LLP",Family Medicine,2
"METROPOLITAN ACUTE CARE, LLP",Anesthesiology,2
MC HOSPITALISTS PC,Surgery,2
MC HOSPITALISTS PC,Psychiatry,2
MC HOSPITALISTS PC,Family Medicine,2
ACUTE CARE OF GROSSE POINTE PC,Family Medicine,2
ACUTE CARE OF GROSSE POINTE PC,Emergency Medicine,2
NORTHWEST HOSPITALIST PHYSICIANS LLP,Family Medicine,2
NORTHWEST HOSPITALIST PHYSICIANS LLP,Emergency Medicine,2
MICHIGAN EMERGENCY PHYSICIANS LLP,Internal Medicine,2
CITY OF HOPE MEDICAL GROUP OF GEORGIA LLC,Family Medicine,2
CHARTER INPATIENT SERVICES LLC,Surgery,2
"ATLANTIC HOSPITALISTS PHYSICIANS, LLP",Obstetrics & Gynecology,2
"ATLANTIC HOSPITALISTS PHYSICIANS, LLP",Family Medicine,2
"ATLANTIC HOSPITALIST PHYSICIANS, LLP",Pediatrics,2
"ATLANTIC HOSPITALIST PHYSICIANS, LLP",General Practice,2
"ACS PRIMARY ADMITTING PROVIDERS, P.A.",Family Medicine,2
"ACUTE BEHAVIORAL MEDICAL GROUP OF CALIFORNIA, INC.",Psychiatry,2
"ACUTE BEHAVIORAL MEDICAL GROUP OF CALIFORNIA, INC.",Pediatrics,2
"ACS PRIMARY CARE PHYSICIANS SOUTHWEST, PA",Surgery,2
"ACS PRIMARY CARE PHYSICIANS SOUTHWEST, PA",Emergency Medicine,2
"ACS PRIMARY CARE PHYSICIANS SOUTHWEST, PA",Dermatology,2
"ACS PRIMARY ADMITTING PROVIDERS, P.A.",Surgery,2
"ACS PRIMARY ADMITTING PROVIDERS, P.A.",Preventive Medicine,2
"ACS PRIMARY ADMITTING PROVIDERS, P.A.",Pediatrics,2
"ACS PRIMARY ADMITTING PROVIDERS, P.A.",Pathology,2
"CEP AMERICA-ILLINOIS HOSPITALISTS, LLP",Psychiatry,2
"CEP AMERICA-ILLINOIS HOSPITALISTS, LLP",Pediatrics,2
AUBURN COMMUNITY HOSPITAL,Surgery,2
"ATLANTIC ISLES INPATIENT SERVICES,LLC.",Psychiatry,2
"ATLANTIC ISLES INPATIENT SERVICES,LLC.",General Practice,2
"ATLANTIC ISLES INPATIENT SERVICES,LLC.",Family Medicine,2
ACADEMIC HOSPITALISTS MANAGEMENT GROUP INC,Ophthalmology,2
ABOSHADY IN PATIENT SERVICES INC,Radiology,2
ACCESS MEDICAL ASSOCIATES,Radiology,2
ACCESS MEDICAL ASSOCIATES,Psychiatry,2
ACCESS MEDICAL ASSOCIATES,General Practice,2
"ACCESS HOSPITALISTS, LLC",Radiology,2
"ACCESS HOSPITALISTS, LLC",General Practice,2
CEP AMERICA-ILLINOIS HOSPITALISTS,Emergency Medicine,2
"CENTRAL CAROLINA HOSPITAL PRO FEE BILLING, LLC",Pediatrics,2
"AURORA HOSPITALIST, PC",Family Medicine,2
AURELIA OSBORN FOX MEMORIAL HOSPITAL - HOSPITALISTS,Pediatrics,2
AURELIA OSBORN FOX MEMORIAL HOSPITAL - HOSPITALISTS,General Practice,2
AURELIA OSBORN FOX MEMORIAL HOSPITAL,Pediatrics,2
SELECT SPECIALTY HOSPITAL - DURHAM INC.,Surgery,2
SELECT SPECIALTY HOSPITAL - DURHAM INC.,Radiology,2
"SELECT SPECIALTY HOSPITAL - CLEVELAND, LLC",Radiology,2
"SELECT SPECIALTY HOSPITAL - CLEVELAND, LLC",Psychiatry,2
"SELECT SPECIALTY HOSPITAL - CLEVELAND, LLC",Pediatrics,2
"SELECT SPECIALTY HOSPITAL - CLEVELAND, LLC",Family Medicine,2
SELECT SPECIALTY HOSPITAL - ZANESVILLE INC,General Practice,2
SELECT SPECIALTY HOSPITAL - ZANESVILLE INC,Emergency Medicine,2
SELECT SPECIALTY HOSPITAL - NORTHEAST OHIO INC,Family Medicine,2
ABINGTON MEMORIAL HOSPITAL,Urology,2
ABINGTON MEMORIAL HOSPITAL,Surgery,2
ABINGTON MEMORIAL HOSPITAL,Psychiatry,2
ABINGTON MEMORIAL HOSPITAL,Pediatrics,2
ABDULLAH KHALID MD,Pediatrics,2
AURELIA OSBORN FOX MEMORIAL HOSPITAL,General Practice,2
BAY SOUND INPATIENT SERVICES LLC,Family Medicine,2
"BAY COUNTY INPATIENT SERVICES, LLC",Pediatrics,2
"BAY COUNTY INPATIENT SERVICES, LLC",General Practice,2
"BAY COUNTY INPATIENT SERVICES, LLC",Emergency Medicine,2
"SOUTHEASTERN HOSPITALIST PHYSICIANS, LLP",Obstetrics & Gynecology,2
"SOUTHEASTERN HOSPITALIST PHYSICIANS, LLP",Internal Medicine,2
"SOUTHEASTERN HOSPITALIST PHYSICIANS, LLP",General Practice,2
SELECT SPECIALTY HOSPITAL WINSTON SALEM INC,Psychiatry,2
"ABBASI SCHAINKER PHYSICIAN NETWORK, LLC",Emergency Medicine,2
"AALIYA I AMER,MD PA",Physical Medicine & Rehabilitation,2
"CAROMONT MEDICAL GROUP, INC.",Psychiatry,2
"CAROMONT MEDICAL GROUP, INC.",Pediatrics,2
CAROMONT MEDICAL GROUP INC,Psychiatry,2
CAROMONT MEDICAL GROUP INC,Pediatrics,2
BETH ISRAEL MEDICAL CENTER - PROFESSIONAL SERVICES,Psychiatry,2
BETH ISRAEL MEDICAL CENTER - PROFESSIONAL SERVICES,Obstetrics & Gynecology,2
BETH ISRAEL MEDICAL CENTER - PROFESSIONAL SERVICES,Internal Medicine,2
BETH ISRAEL MEDICAL CENTER - PROFESSIONAL SERVICES,General Practice,2
BETH ISRAEL MEDICAL CENTER - PROFESSIONAL SERVICES,Anesthesiology,2
BAY VIEW INPATIENT SERVICES LLC,General Practice,2
"SOUTHERN EMERGENCY PHYSICIANS, LLP",General Practice,2
"SOUTHEASTERN MEDICAL GROUP, PC",Internal Medicine,2
"AALIYA I AMER,MD PA",Pediatrics,2
"AALIYA I AMER,MD PA",Internal Medicine,2
AA HEALTH PLLC,Surgery,2
AA HEALTH PLLC,Pediatrics,2
"SOUTHEASTERN MEDICAL GROUP, PC",Family Medicine,2
BAY VIEW INPATIENT SERVICES LLC,Emergency Medicine,2
"CARLISLE HMA PHYSICIAN MANAGEMENT, LLC",Radiology,2
"CARLISLE HMA PHYSICIAN MANAGEMENT, LLC",Psychiatry,2
BIBB INPATIENT SERVICES LLC,Surgery,2
BETH ISRAEL MEDICAL CENTER - PROFESSIONAL SERVICES,Surgery,2
"24 ON PHYSICIANS, P.C.",Psychiatry,2
A.M. HEALTHCARE INC,Obstetrics & Gynecology,2
A.M. HEALTHCARE INC,Internal Medicine,2
90265 MEDICAL GROUP INC.,Orthopedic Surgery,2
90265 MEDICAL GROUP INC.,Internal Medicine,2
"SOUTHERN EMERGENCY PHYSICIANS, LLP",Obstetrics & Gynecology,2
STEEL VALLEY HOSPITALISTS INC,Surgery,2
STEEL VALLEY HOSPITALISTS INC,Family Medicine,2
STEEL VALLEY EMERGENCY PHYSICIANS TWIN CITY INC,General Practice,2
"4 YOUR HEALTH MA, LLC",Surgery,2
"4 YOUR HEALTH MA, LLC",Pediatrics,2
"CANDLELIT MEDICAL CARE OF NEW YORK, P.C.",Surgery,2
"CANDLELIT MEDICAL CARE OF NEW YORK, P.C.",Psychiatry,2
"CANDLELIT MEDICAL CARE OF NEW YORK, P.C.",Obstetrics & Gynecology,2
"CANDLELIT MEDICAL CARE OF NEW YORK, P.C.",Internal Medicine,2
"CANDLELIT MEDICAL CARE OF NEW YORK, P.C.",General Practice,2
"CANDLELIT MEDICAL CARE OF NEW YORK, P.C.",Anesthesiology,2
CABBAGE PALM INPATIENT SERVICES LLC,Surgery,2
CABBAGE PALM INPATIENT SERVICES LLC,Pathology,2
CABBAGE PALM INPATIENT SERVICES LLC,Family Medicine,2
BRONXCARE HEALTH SYSTEM,Psychiatry,2
1977 ENTERPRISE LLC,"Ear, Nose & Throat (ENT)",2
UNITED WOUNDCARE INSTITUTE PENNSYLVANIA PLLC,Sports Medicine,1
1977 ENTERPRISE LLC,Surgery,1
"24 ON PHYSICIANS OF CALIFORNIA, P.C.",Psychiatry,1
"24 ON PHYSICIANS OF CALIFORNIA, P.C.",Radiology,1
24 ON PHYSICIANS PC,Obstetrics & Gynecology,1
UNITED WOUND & VASCULAR INSTITUTE OHIO PLLC,Surgery,1
UNITED WOUND & VASCULAR INSTITUTE OHIO PLLC,Urology,1
"24 ON PHYSICIANS, P.C.",General Practice,1
"24 ON PHYSICIANS, P.C.",Endocrinology,1
"24 ON PHYSICIANS, P.C.",Emergency Medicine,1
"24 ON PHYSICIANS, P.C.",Anesthesiology,1
24 ON PHYSICIANS PC,Urology,1
24 ON PHYSICIANS PC,Physical Medicine & Rehabilitation,1
24 ON PHYSICIANS PC,Ophthalmology,1
TELEHEALTH SOLUTION PLLC,"Ear, Nose & Throat (ENT)",1
STEEL VALLEY HOSPITALISTS INC,Pediatrics,1
STEEL VALLEY HOSPITALISTS INC,Ophthalmology,1
STEEL VALLEY HOSPITALISTS INC,Emergency Medicine,1
STEEL VALLEY EMERGENCY PHYSICIANS TWIN CITY INC,Pediatrics,1
"4 YOUR HEALTH MA, LLC",Pathology,1
"4 YOUR HEALTH MA, LLC",Orthopedic Surgery,1
"4 YOUR HEALTH MA, LLC",Critical Care,1
"4 YOUR HEALTH MA, LLC",Anesthesiology,1
"BREITBECK PHYSICIAN MEDICINE SERVICES, PC",Physical Medicine & Rehabilitation,1
"BREITBECK PHYSICIAN MEDICINE SERVICES, PC",General Practice,1
"BREITBECK PHYSICIAN MEDICINE SERVICES, PC",Emergency Medicine,1
BIBB INPATIENT SERVICES LLC,Psychiatry,1
BIBB INPATIENT SERVICES LLC,Pathology,1
BIBB INPATIENT SERVICES LLC,Obstetrics & Gynecology,1
BIBB INPATIENT SERVICES LLC,General Practice,1
BIBB INPATIENT SERVICES LLC,Emergency Medicine,1
BIBB INPATIENT SERVICES LLC,Anesthesiology,1
CANTRELL LAKE INPATIENT SERVICES LLC,Emergency Medicine,1
"CANDLELIT MEDICAL CARE OF NEW YORK, P.C.",Radiology,1
"CANDLELIT MEDICAL CARE OF NEW YORK, P.C.",Physical Medicine & Rehabilitation,1
"CANDLELIT MEDICAL CARE OF NEW YORK, P.C.",Pediatrics,1
"CANDLELIT MEDICAL CARE OF NEW YORK, P.C.",Orthopedic Surgery,1
"CANDLELIT MEDICAL CARE OF NEW YORK, P.C.",Family Medicine,1
CABBAGE PALM INPATIENT SERVICES LLC,Radiology,1
BETH ISRAEL MEDICAL CENTER - PROFESSIONAL SERVICES,Radiology,1
BETH ISRAEL MEDICAL CENTER - PROFESSIONAL SERVICES,Physical Medicine & Rehabilitation,1
BETH ISRAEL MEDICAL CENTER - PROFESSIONAL SERVICES,Pediatrics,1
BETH ISRAEL MEDICAL CENTER - PROFESSIONAL SERVICES,Orthopedic Surgery,1
BETH ISRAEL MEDICAL CENTER - PROFESSIONAL SERVICES,Family Medicine,1
BAY VIEW INPATIENT SERVICES LLC,Nuclear Medicine,1
BAY VIEW INPATIENT SERVICES LLC,Internal Medicine,1
"CARLISLE HMA PHYSICIAN MANAGEMENT, LLC",Urology,1
"CARLISLE HMA PHYSICIAN MANAGEMENT, LLC",Physical Medicine & Rehabilitation,1
"CARLISLE HMA PHYSICIAN MANAGEMENT, LLC",Obstetrics & Gynecology,1
"CARLISLE HMA PHYSICIAN MANAGEMENT, LLC",Hematology,1
"CARLISLE HMA PHYSICIAN MANAGEMENT, LLC",General Practice,1
"CARLISLE HMA PHYSICIAN MANAGEMENT, LLC",Emergency Medicine,1
"CARLISLE HMA PHYSICIAN MANAGEMENT, LLC",Anesthesiology,1
CANTRELL LAKE INPATIENT SERVICES LLC,Pediatrics,1
CANTRELL LAKE INPATIENT SERVICES LLC,Internal Medicine,1
"AURORA HOSPITALIST, PC",Psychiatry,1
"AURORA HOSPITALIST, PC",Obstetrics & Gynecology,1
"AURORA HOSPITALIST, PC",Emergency Medicine,1
AURELIA OSBORN FOX MEMORIAL HOSPITAL - HOSPITALISTS,Urology,1
AURELIA OSBORN FOX MEMORIAL HOSPITAL,Urology,1
BAY SOUND INPATIENT SERVICES LLC,Radiology,1
BAY SOUND INPATIENT SERVICES LLC,Pathology,1
BAY SOUND INPATIENT SERVICES LLC,Emergency Medicine,1
BAY SOUND INPATIENT SERVICES LLC,Anesthesiology,1
"AURORA HOSPITALIST, PC",Rheumatology,1
"CAROMONT MEDICAL GROUP, INC.",Pathology,1
"CAROMONT MEDICAL GROUP, INC.",Obstetrics & Gynecology,1
"CAROMONT MEDICAL GROUP, INC.",Family Medicine,1
CAROMONT MEDICAL GROUP INC,Pathology,1
CAROMONT MEDICAL GROUP INC,Obstetrics & Gynecology,1
CAROMONT MEDICAL GROUP INC,Family Medicine,1
"CEP AMERICA-ILLINOIS HOSPITALISTS, LLP",Physical Medicine & Rehabilitation,1
"CEP AMERICA-ILLINOIS HOSPITALISTS, LLP",Pain Management,1
"CEP AMERICA-ILLINOIS HOSPITALISTS, LLP",Orthopedic Surgery,1
AUBURN COMMUNITY HOSPITAL,Obstetrics & Gynecology,1
AUBURN COMMUNITY HOSPITAL,General Practice,1
"ATLANTIC ISLES INPATIENT SERVICES,LLC.",Pediatrics,1
"ATLANTIC HOSPITALISTS PHYSICIANS, LLP",Psychiatry,1
"ATLANTIC HOSPITALISTS PHYSICIANS, LLP",Pediatrics,1
"ATLANTIC HOSPITALISTS PHYSICIANS, LLP",Pathology,1
"ATLANTIC HOSPITALISTS PHYSICIANS, LLP",Ophthalmology,1
"CEP AMERICA-ILLINOIS HOSPITALISTS, LLP",Critical Care,1
CEP AMERICA-ILLINOIS HOSPITALISTS,Radiology,1
CEP AMERICA-ILLINOIS HOSPITALISTS,Psychiatry,1
CEP AMERICA-ILLINOIS HOSPITALISTS,Ophthalmology,1
CEP AMERICA-ILLINOIS HOSPITALISTS,Family Medicine,1
"CENTRAL CAROLINA HOSPITAL PRO FEE BILLING, LLC",Physical Medicine & Rehabilitation,1
CHARTER INPATIENT SERVICES LLC,Psychiatry,1
CHARTER INPATIENT SERVICES LLC,Pathology,1
CHARTER INPATIENT SERVICES LLC,Obstetrics & Gynecology,1
"ATLANTIC HOSPITALISTS PHYSICIANS, LLP",Internal Medicine,1
"ATLANTIC HOSPITALIST PHYSICIANS, LLP",Psychiatry,1
"ATLANTIC HOSPITALIST PHYSICIANS, LLP",Internal Medicine,1
"ATLANTIC HOSPITALIST PHYSICIANS, LLP",Family Medicine,1
"ATLANTIC HOSPITALIST PHYSICIANS, LLP",Emergency Medicine,1
"ATLANTIC HOSPITALIST PHYSICIANS, LLP",Anesthesiology,1
ASSOCIATED HOSPITALISTS OF CROUSE LLC,Psychiatry,1
ASSOCIATED HOSPITALISTS OF CROUSE LLC,Pediatrics,1
ASSOCIATED HOSPITALISTS OF CROUSE LLC,Pathology,1
CHARTER INPATIENT SERVICES LLC,General Practice,1
CHARTER INPATIENT SERVICES LLC,Emergency Medicine,1
CHARTER INPATIENT SERVICES LLC,Anesthesiology,1
"CEP AMERICA-ILLINOIS HOSPITALISTS, LLP",Radiology,1
COMPREHENSIVE HOSPITALIST OF GEORGIA LLC,Obstetrics & Gynecology,1
COMPREHENSIVE HOSPITALIST OF GEORGIA LLC,General Practice,1
COMPREHENSIVE HOSPITALIST OF GEORGIA LLC,Critical Care,1
CLINICAL COLLEAGUES INC,Surgery,1
CLINICAL COLLEAGUES INC,Obstetrics & Gynecology,1
ASSOCIATED HOSPITALISTS OF CROUSE LLC,Hematology,1
ASCENSION ST JOHN HOSPITAL,Surgery,1
ASCENSION ST JOHN HOSPITAL,Psychiatry,1
ASCENSION ST JOHN HOSPITAL,Infectious Disease,1
ASCENSION ST JOHN HOSPITAL,General Practice,1
ASCENSION ST JOHN HOSPITAL,Anesthesiology,1
APOGEE MEDICAL GROUP GEORGIA,Surgery,1
CLINICAL COLLEAGUES INC,Emergency Medicine,1
CITY OF HOPE MEDICAL GROUP OF GEORGIA LLC,Radiology,1
CITY OF HOPE MEDICAL GROUP OF GEORGIA LLC,Physical Medicine & Rehabilitation,1
CITY OF HOPE MEDICAL GROUP OF GEORGIA LLC,Obstetrics & Gynecology,1
"CRESCENT CIRCLE INPATIENT SERVICES,LLC","Ear, Nose & Throat (ENT)",1
COMPREHENSIVE HOSPITALISTS OF GEORGIA LLC,Radiology,1
COMPREHENSIVE HOSPITALISTS OF GEORGIA LLC,Pediatrics,1
COMPREHENSIVE HOSPITALISTS OF GEORGIA LLC,Ophthalmology,1
COMPREHENSIVE HOSPITALISTS OF GEORGIA LLC,General Practice,1
COMPREHENSIVE HOSPITALIST SERVICES OF NORTH CAROLINA LLC,Physical Medicine & Rehabilitation,1
APOGEE MEDICAL GROUP GEORGIA,General Practice,1
"APEX MEDICAL CARE, P.C.",Psychiatry,1
"APEX MEDICAL CARE, P.C.",General Practice,1
"APEX MEDICAL CARE, P.C.",Family Medicine,1
"APEX MEDICAL CARE, P.C.",Emergency Medicine,1
"ANTHEM MEDICAL HEALTHCARE, PC",Surgery,1
AMERICAN HOSPITALISTS PLC,Surgery,1
COMPREHENSIVE HOSPITALIST SERVICES OF NORTH CAROLINA LLC,Pediatrics,1
COMPREHENSIVE HOSPITALIST OF GEORGIA LLC,Physical Medicine & Rehabilitation,1
COMPREHENSIVE HOSPITALIST OF GEORGIA LLC,Pediatrics,1
"CS PACS 3 IL, S.C.",Psychiatry,1
"CS PACS 3 IL, S.C.",Hematology,1
"CRESCENT CIRCLE INPATIENT SERVICES,LLC",Surgery,1
"CRESCENT CIRCLE INPATIENT SERVICES,LLC",Psychiatry,1
"CRESCENT CIRCLE INPATIENT SERVICES,LLC",Pediatrics,1
"CRESCENT CIRCLE INPATIENT SERVICES,LLC",Orthopedic Surgery,1
AMERICAN HOSPITALISTS PLC,Psychiatry,1
AMERICAN HOSPITALISTS PLC,Infectious Disease,1
AMERICAN HOSPITALISTS PLC,General Practice,1
AMERICAN HOSPITALISTS PLC,Anesthesiology,1
ALPATA INPATIENT SERVICES LLC,Internal Medicine,1
ALPATA INPATIENT SERVICES LLC,Emergency Medicine,1
ALPATA INPATIENT SERVICES LLC,Critical Care,1
ALLWELL HEALTH MEDICAL PC,Surgery,1
"CRESCENT CIRCLE INPATIENT SERVICES,LLC",Internal Medicine,1
"CRESCENT CIRCLE INPATIENT SERVICES,LLC",Family Medicine,1
CS PACS 3 MIDWEST LLC,Obstetrics & Gynecology,1
CS PACS 3 MIDWEST LLC,Family Medicine,1
ALLWELL HEALTH MEDICAL PC,Pediatrics,1
ALLWELL HEALTH MEDICAL PC,Orthopedic Surgery,1
ALLWELL HEALTH MEDICAL PC,Obstetrics & Gynecology,1
ALLWELL HEALTH MEDICAL PC,Internal Medicine,1
ALLWELL HEALTH MEDICAL PC,General Practice,1
ALLWELL HEALTH MEDICAL PC,Family Medicine,1
ALLWELL HEALTH MEDICAL PC,Emergency Medicine,1
"ALEXANDRE SCHEER, MD, PC",Radiology,1
"ALEXANDRE SCHEER, MD, PC",Physical Medicine & Rehabilitation,1
"ALEXANDRE SCHEER, MD, PC",Pediatrics,1
"ALEXANDRE SCHEER, MD, PC",Orthopedic Surgery,1
CS PACS 3 MIDWEST LLC,Emergency Medicine,1
CS PACS 3 MIDWEST LLC,Cardiology,1
"CS PACS 3 IL, S.C.",Surgery,1
ALAMO CITY POST ACUTE PLLC,Orthopedic Surgery,1
ALAMO CITY POST ACUTE PLLC,Critical Care,1
ALAMO CITY POST ACUTE PLLC,Anesthesiology,1
AIMERGENCY CONNECT CARE,Psychiatry,1
AIMERGENCY CONNECT CARE,Orthopedic Surgery,1
AIMERGENCY CONNECT CARE,Emergency Medicine,1
"ALEXANDRE SCHEER, MD, PC",Family Medicine,1
"ALAMO PHYSICIAN SERVICES, PLLC",Pathology,1
"ALAMO PHYSICIAN SERVICES, PLLC",Orthopedic Surgery,1
"ALAMO PHYSICIAN SERVICES, PLLC",Critical Care,1
"ALAMO PHYSICIAN SERVICES, PLLC",Anesthesiology,1
"DOCTORS OF EMERGENCY MEDICINE OF ILLINOIS III, LLC",Family Medicine,1
"DEGARA GARDEN CITY APP, PLLC",Psychiatry,1
"DEGARA GARDEN CITY APP, PLLC",Internal Medicine,1
CS PACS 3 MIDWEST LLC,Surgery,1
CS PACS 3 MIDWEST LLC,Psychiatry,1
"FAMILY RECOVERY, LLC",Psychiatry,1
"FAMILY RECOVERY, LLC",Physical Medicine & Rehabilitation,1
"FAMILY RECOVERY, LLC",Pathology,1
"FAMILY RECOVERY, LLC",Orthopedic Surgery,1
"FAMILY RECOVERY, LLC",Ophthalmology,1
"FAMILY RECOVERY, LLC",Emergency Medicine,1
ESS HOSPITALIST LLC,Surgery,1
ESS HOSPITALIST LLC,Family Medicine,1
EDWARD W. SPARROW HOSPITAL ASSOCIATION,Surgery,1
EDWARD W. SPARROW HOSPITAL ASSOCIATION,Radiology,1
EDWARD W. SPARROW HOSPITAL ASSOCIATION,Family Medicine,1
EDWARD W. SPARROW HOSPITAL ASSOCIATION,Emergency Medicine,1
"DOCTORS OF EMERGENCY MEDICINE OF ILLINOIS III, LLC",Radiology,1
"DOCTORS OF EMERGENCY MEDICINE OF ILLINOIS III, LLC",Psychiatry,1
"DOCTORS OF EMERGENCY MEDICINE OF ILLINOIS III, LLC",Obstetrics & Gynecology,1
ALAMO CITY POST ACUTE PLLC,Pathology,1
FLATWOODS INPATIENT SERVICES LLC,Emergency Medicine,1
AFTAB AHMAD MD PC,Internal Medicine,1
ADYA PHYSICIAN SERVICES PLLC,Pathology,1
ADYA PHYSICIAN SERVICES PLLC,Orthopedic Surgery,1
ADYA PHYSICIAN SERVICES PLLC,Critical Care,1
ADYA PHYSICIAN SERVICES PLLC,Anesthesiology,1
AIMERGENCY CONNECT CARE,Anesthesiology,1
"AHA OF TEXAS, LLC",Surgery,1
"AHA OF TEXAS, LLC",Preventive Medicine,1
"AHA OF TEXAS, LLC",Pediatrics,1
"AHA OF TEXAS, LLC",Pathology,1
"AHA OF TEXAS, LLC",Family Medicine,1
AGRX MANAGEMENT & CONSULTING PA,Psychiatry,1
AGRX MANAGEMENT & CONSULTING PA,Pediatrics,1
AGRX MANAGEMENT & CONSULTING PA,Pathology,1
"FAMILY RECOVERY, LLC",Radiology,1
GALEN INPATIENT PHYSICIANS PC,Dermatology,1
"ADVANCED INPATIENT MEDICINE WAYNE, PC",Physical Medicine & Rehabilitation,1
"ADVANCED INPATIENT MEDICINE WAYNE, PC",Ophthalmology,1
"ADVANCED INPATIENT MEDICINE WAYNE, PC",Anesthesiology,1
ADVANCED INPATIENT MEDICINE PC,Surgery,1
ADVANCED INPATIENT MEDICINE PC,Pediatrics,1
ADVANCED INPATIENT MEDICINE PC,Orthopedic Surgery,1
ADVANCED INPATIENT MEDICINE PC,Emergency Medicine,1
ADVANCED INPATIENT MEDICINE PC,Anesthesiology,1
"FRYE GROUP SERVICES, PLLC",Ophthalmology,1
"FRYE GROUP SERVICES, PLLC",General Practice,1
"FRYE GROUP SERVICES, PLLC",Endocrinology,1
FLATWOODS INPATIENT SERVICES LLC,Psychiatry,1
FLATWOODS INPATIENT SERVICES LLC,Pediatrics,1
FLATWOODS INPATIENT SERVICES LLC,Internal Medicine,1
FLATWOODS INPATIENT SERVICES LLC,Family Medicine,1
GREAR HOPE INPATIENT SERVICES LLC,Family Medicine,1
GREAR HOPE INPATIENT SERVICES LLC,Emergency Medicine,1
ADVANCED INPATIENT MEDICINE ASSOCIATES PC,Surgery,1
ADVANCED INPATIENT MEDICINE ASSOCIATES PC,Ophthalmology,1
ADVANCED INPATIENT MEDICINE ASSOCIATES PC,Obstetrics & Gynecology,1
ADVANCED INPATIENT MEDICINE ASSOCIATES PC,General Practice,1
ADVANCED INPATIENT MEDICINE ASSOCIATES PC,Family Medicine,1
ADVANCED INPATIENT MEDICINE ASSOCIATES PC,Emergency Medicine,1
ADVANCED INPATIENT MEDICINE ASSOCIATES PC,Anesthesiology,1
ADVANCED CARE MULTISPECIALTY MEDICAL GROUP APC,Surgery,1
ADVANCED CARE MULTISPECIALTY MEDICAL GROUP APC,Radiology,1
ADVANCED CARE MULTISPECIALTY MEDICAL GROUP APC,Pediatrics,1
GALEN INPATIENT PHYSICIANS PC,Urology,1
GALEN INPATIENT PHYSICIANS PC,Ophthalmology,1
GALEN INPATIENT PHYSICIANS PC,Neurology,1
GALEN INPATIENT PHYSICIANS PC,"Ear, Nose & Throat (ENT)",1
"HILLBURN PARK INPATIENT SERVICES, LLC",Family Medicine,1
"HILLBURN PARK INPATIENT SERVICES, LLC",Emergency Medicine,1
"HILLBURN PARK INPATIENT SERVICES, LLC",Dermatology,1
HHA ASSOCIATES LLC,Psychiatry,1
"GREAT LAKES MEDICINE, PLC",Surgery,1
"GREAT LAKES MEDICINE, PLC",Pediatrics,1
"GREAT LAKES MEDICINE, PLC",Obstetrics & Gynecology,1
"GREAT LAKES MEDICINE, PLC",Family Medicine,1
"GREAT LAKES MEDICINE, PLC",Anesthesiology,1
GREAR HOPE INPATIENT SERVICES LLC,Surgery,1
GREAR HOPE INPATIENT SERVICES LLC,Sports Medicine,1
GREAR HOPE INPATIENT SERVICES LLC,Radiology,1
GREAR HOPE INPATIENT SERVICES LLC,Physical Medicine & Rehabilitation,1
GREAR HOPE INPATIENT SERVICES LLC,Pediatrics,1
GREAR HOPE INPATIENT SERVICES LLC,Pathology,1
GREAR HOPE INPATIENT SERVICES LLC,General Practice,1
"HNI HOSPITAL SERVICES OF FLORIDA, LLC",Psychiatry,1
"HNI HOSPITAL SERVICES OF FLORIDA, LLC",Orthopedic Surgery,1
"HNI HOSPITAL SERVICES OF FLORIDA, LLC",Emergency Medicine,1
"HNI HOSPITAL SERVICES OF FLORIDA, LLC",Critical Care,1
"HILLBURN PARK INPATIENT SERVICES, LLC",Surgery,1
ADVANCED CARE MULTISPECIALTY MEDICAL GROUP APC,Pain Management,1
ADVANCED CARE MULTISPECIALTY MEDICAL GROUP APC,Family Medicine,1
ADVANCED CARE MULTISPECIALTY MEDICAL GROUP APC,Emergency Medicine,1
ADULT PATIENT CARE PLLC,Surgery,1
ADULT PATIENT CARE PLLC,Psychiatry,1
ADULT PATIENT CARE PLLC,Pediatrics,1
ADULT PATIENT CARE PLLC,Family Medicine,1
"ADNAN YOUSUF, M.D., P.A.",Surgery,1
"ADNAN YOUSUF, M.D., P.A.",Preventive Medicine,1
"ADNAN YOUSUF, M.D., P.A.",Pediatrics,1
"HILLBURN PARK INPATIENT SERVICES, LLC",General Practice,1
"HNI MEDICAL SERVICES OF FLORIDA, LLC",Emergency Medicine,1
"HNI MEDICAL SERVICES OF FLORIDA, LLC",Critical Care,1
HNI MEDICAL SERVICES,Surgery,1
HNI MEDICAL SERVICES,Physical Medicine & Rehabilitation,1
HNI MEDICAL SERVICES,Pathology,1
"ADNAN YOUSUF, M.D., P.A.",Pathology,1
"ADNAN YOUSUF, M.D., P.A.",Family Medicine,1
ADIRONDACK MEDICAL CENTER,Psychiatry,1
ADIRONDACK MEDICAL CENTER,Obstetrics & Gynecology,1
ADIRONDACK MEDICAL CENTER,Family Medicine,1
ADIRONDACK MEDICAL CENTER,Emergency Medicine,1
ADIRONDACK MEDICAL CENTER,Anesthesiology,1
"ADFINITAS HEALTH AT UP MARQUETTE, PLLC",Surgery,1
"ADFINITAS HEALTH AT UP MARQUETTE, PLLC",Radiology,1
HNI MEDICAL SERVICES,Emergency Medicine,1
"HNI HOSPITAL SERVICES OF FLORIDA, LLC",Radiology,1
"HNI MEDICAL SERVICES OF NORTH CAROLINA, PC",Ophthalmology,1
"ADFINITAS HEALTH AT UP MARQUETTE, PLLC",Psychiatry,1
"ADFINITAS HEALTH AT UP MARQUETTE, PLLC",Orthopedic Surgery,1
"ADFINITAS HEALTH AT UP MARQUETTE, PLLC",General Practice,1
"ADFINITAS HEALTH AT UP MARQUETTE, PLLC",Family Medicine,1
"ADFINITAS HEALTH AT UP MARQUETTE, PLLC",Emergency Medicine,1
"ADFINITAS HEALTH AT UP MARQUETTE, PLLC",Dermatology,1
"ADFINITAS HEALTH AT MARQUETTE, LLC",Surgery,1
"ADFINITAS HEALTH AT MARQUETTE, LLC",Radiology,1
"ADFINITAS HEALTH AT MARQUETTE, LLC",Psychiatry,1
"ADFINITAS HEALTH AT MARQUETTE, LLC",Orthopedic Surgery,1
"ADFINITAS HEALTH AT MARQUETTE, LLC",General Practice,1
"ADFINITAS HEALTH AT MARQUETTE, LLC",Family Medicine,1
"HNI MEDICAL SERVICES OF FLORIDA, LLC",Radiology,1
"HNI MEDICAL SERVICES OF FLORIDA, LLC",Psychiatry,1
"HNI MEDICAL SERVICES OF FLORIDA, LLC",Orthopedic Surgery,1
"HOSPITALMD OF CARO IP, INC.",Emergency Medicine,1
"HOSPITAL CARE CONSULTANTS OF GALESBURG, INC",Urology,1
"ADFINITAS HEALTH AT MARQUETTE, LLC",Emergency Medicine,1
"ADFINITAS HEALTH AT MARQUETTE, LLC",Dermatology,1
ADENA HEALTH SYSTEM,Orthopedic Surgery,1
ADENA HEALTH SYSTEM,General Practice,1
ADENA HEALTH SYSTEM,Emergency Medicine,1
ADEEB KIDNEY CARE INC,Surgery,1
ADEEB KIDNEY CARE INC,Psychiatry,1
ADEEB KIDNEY CARE INC,Orthopedic Surgery,1
"HOSPITAL CARE CONSULTANTS OF GALESBURG, INC",Radiology,1
"HOSPITAL CARE CONSULTANTS OF GALESBURG, INC",Psychiatry,1
"HOSPITAL CARE CONSULTANTS OF GALESBURG, INC",Ophthalmology,1
"HOSPITAL CARE CONSULTANTS OF GALESBURG, INC",Internal Medicine,1
"HNI MEDICAL SERVICES OF NORTH CAROLINA, PC",Physical Medicine & Rehabilitation,1
"HNI MEDICAL SERVICES OF NORTH CAROLINA, PC",Pathology,1
INPATIENT CARE,Radiology,1
INPATIENT CARE,Psychiatry,1
"ADDICTION CENTERS OF EXCELLENCE, INC.",Psychiatry,1
"ADDICTION CENTERS OF EXCELLENCE, INC.",Obstetrics & Gynecology,1
"ADDICTION CENTERS OF EXCELLENCE, INC.",Emergency Medicine,1
ADAM RAJOULH MD CORP,Surgery,1
ADAM RAJOULH MD CORP,Radiology,1
ADAM RAJOULH MD CORP,Psychiatry,1
ADAM RAJOULH MD CORP,Physical Medicine & Rehabilitation,1
ADAM RAJOULH MD CORP,Ophthalmology,1
ADAM RAJOULH MD CORP,General Practice,1
INPATIENT CARE,Dermatology,1
"HOSPITALMD OF CARO IP, INC.",Surgery,1
"HOSPITALMD OF CARO IP, INC.",Psychiatry,1
"HOSPITALMD OF CARO IP, INC.",General Practice,1
"HOSPITALMD OF CARO IP, INC.",Family Medicine,1
ADAM RAJOULH MD CORP,Family Medicine,1
ADAM RAJOULH MD CORP,Emergency Medicine,1
ADAM RAJOULH M.D.,Surgery,1
ADAM RAJOULH M.D.,Radiology,1
ADAM RAJOULH M.D.,Psychiatry,1
ADAM RAJOULH M.D.,Physical Medicine & Rehabilitation,1
ADAM RAJOULH M.D.,Ophthalmology,1
ADAM RAJOULH M.D.,General Practice,1
ADAM RAJOULH M.D.,Family Medicine,1
ADAM RAJOULH M.D.,Emergency Medicine,1
ACUTE MEDICAL PROVIDERS - INPATIENT INC.,Surgery,1
"IREDELL COUNTY GROUP SERVICES, PLLC",Surgery,1
"IREDELL COUNTY GROUP SERVICES, PLLC",General Practice,1
"IREDELL COUNTY GROUP SERVICES, PLLC",Family Medicine,1
"IREDELL COUNTY GROUP SERVICES, PLLC",Emergency Medicine,1
INPATIENT CARE,Surgery,1
NORTHWEST HOSPITALIST PHYSICIANS LLP,"Ear, Nose & Throat (ENT)",1
MICHIGAN EMERGENCY PHYSICIANS LLP,Psychiatry,1
MICHIGAN EMERGENCY PHYSICIANS LLP,Pediatrics,1
MICHIGAN EMERGENCY PHYSICIANS LLP,Orthopedic Surgery,1
MICHIGAN EMERGENCY PHYSICIANS LLP,Infectious Disease,1
MICHIGAN EMERGENCY PHYSICIANS LLP,General Practice,1
MICHIGAN EMERGENCY PHYSICIANS LLP,Family Medicine,1
MICHIGAN EMERGENCY PHYSICIANS LLP,Emergency Medicine,1
MICHIGAN EMERGENCY PHYSICIANS LLP,Anesthesiology,1
ACUTE MEDICAL PROVIDERS - INPATIENT INC.,Pathology,1
ACUTE MEDICAL PROVIDERS - INPATIENT INC.,Orthopedic Surgery,1
ACUTE MEDICAL PROVIDERS - INPATIENT INC.,Anesthesiology,1
"ACUTE CARE SPECIALISTS, PLLC",Psychiatry,1
"ACUTE CARE SPECIALISTS, PLLC",Pediatrics,1
"ACUTE CARE SPECIALISTS, PLLC",Orthopedic Surgery,1
"ACUTE CARE SPECIALISTS, PLLC",Family Medicine,1
OHRH LLC,Internal Medicine,1
OHRH LLC,Hematology,1
OHRH LLC,Anesthesiology,1
NORTHWEST HOSPITALIST PHYSICIANS LLP,Radiology,1
NORTHWEST HOSPITALIST PHYSICIANS LLP,Physical Medicine & Rehabilitation,1
ACUTE CARE OF GROSSE POINTE PC,Orthopedic Surgery,1
ACUTE CARE OF GROSSE POINTE PC,General Practice,1
ACUTE CARE OF GROSSE POINTE PC,Dermatology,1
ACUTE CARE OF GROSSE POINTE PC,Anesthesiology,1
"ACUTE CARE ASSOCIATES, INC",Surgery,1
"ACUTE CARE ASSOCIATES, INC",Psychiatry,1
"ACUTE CARE ASSOCIATES, INC",Physical Medicine & Rehabilitation,1
"ACUTE CARE ASSOCIATES, INC",Orthopedic Surgery,1
"ACUTE CARE ASSOCIATES, INC",Ophthalmology,1
"ACUTE CARE ASSOCIATES, INC",Obstetrics & Gynecology,1
NORTHWEST HOSPITALIST PHYSICIANS LLP,Obstetrics & Gynecology,1
PA MEDICAL SERVICES PLLC,Pediatrics,1
PA MEDICAL SERVICES PLLC,Ophthalmology,1
"ACUTE CARE ASSOCIATES, INC",General Practice,1
"ACUTE CARE ASSOCIATES, INC",Family Medicine,1
"ACUTE CARE ASSOCIATES, INC",Cardiology,1
"ACUTE BEHAVIORAL MEDICAL GROUP OF CALIFORNIA, INC.",Surgery,1
"ACUTE BEHAVIORAL MEDICAL GROUP OF CALIFORNIA, INC.",Physical Medicine & Rehabilitation,1
"ACUTE BEHAVIORAL MEDICAL GROUP OF CALIFORNIA, INC.",Obstetrics & Gynecology,1
"ACUTE BEHAVIORAL MEDICAL GROUP OF CALIFORNIA, INC.",Gastroenterology,1
PA MEDICAL SERVICES PLLC,General Practice,1
PA MEDICAL SERVICES PLLC,Family Medicine,1
PA MEDICAL SERVICES PLLC,Anesthesiology,1
OHRH LLC,Radiology,1
OHRH LLC,Pathology,1
OHRH LLC,Orthopedic Surgery,1
OHRH LLC,Obstetrics & Gynecology,1
ACADEMIC HOSPITALISTS MANAGEMENT GROUP INC,Psychiatry,1
ACADEMIC HOSPITALISTS MANAGEMENT GROUP INC,Orthopedic Surgery,1
ACCESS MEDICAL ASSOCIATES,Pediatrics,1
ACCESS MEDICAL ASSOCIATES,Obstetrics & Gynecology,1
ACCESS MEDICAL ASSOCIATES,Family Medicine,1
ACCESS MEDICAL ASSOCIATES,Emergency Medicine,1
"ACCESS HOSPITALISTS, LLC",Psychiatry,1
"ACCESS HOSPITALISTS, LLC",Ophthalmology,1
"REGENCY HOSPITAL OF TOLEDO, LLC",Pediatrics,1
"REGENCY HOSPITAL OF TOLEDO, LLC",Ophthalmology,1
"REGENCY HOSPITAL OF TOLEDO, LLC",Obstetrics & Gynecology,1
"REGENCY HOSPITAL OF TOLEDO, LLC",General Practice,1
"REGENCY HOSPITAL OF TOLEDO, LLC",Emergency Medicine,1
"REGENCY HOSPITAL OF TOLEDO, LLC",Anesthesiology,1
PA MEDICAL SERVICES PLLC,Sports Medicine,1
PA MEDICAL SERVICES PLLC,Psychiatry,1
SELECT SPECIALTY HOSPITAL - NORTHEAST OHIO INC,Pediatrics,1
SELECT SPECIALTY HOSPITAL - NORTHEAST OHIO INC,General Practice,1
ABOSHADY IN PATIENT SERVICES INC,Physical Medicine & Rehabilitation,1
ABOSHADY IN PATIENT SERVICES INC,Obstetrics & Gynecology,1
ABOSHADY IN PATIENT SERVICES INC,General Practice,1
ABOSHADY IN PATIENT SERVICES INC,Anesthesiology,1
ABDULLAH KHALID MD,Psychiatry,1
ABDULLAH KHALID MD,Pathology,1
SELECT SPECIALTY HOSPITAL - DURHAM INC.,Physical Medicine & Rehabilitation,1
SELECT SPECIALTY HOSPITAL - DURHAM INC.,Pathology,1
SELECT SPECIALTY HOSPITAL - DURHAM INC.,Ophthalmology,1
"ACCESS HOSPITALISTS, LLC",Endocrinology,1
"ACCESS HOSPITALISTS, LLC",Emergency Medicine,1
ACADEMIC INTERNAL MEDICINE SPECIALISTS PLLC,Neurology,1
ACADEMIC INTERNAL MEDICINE SPECIALISTS PLLC,Cardiology,1
ACADEMIC HOSPITALISTS MANAGEMENT GROUP INC,Surgery,1
ABDULLAH KHALID MD,Family Medicine,1
ABDULLAH KHALID MD,Anesthesiology,1
"ABBASI SCHAINKER PHYSICIAN NETWORK, LLC",Surgery,1
"ABBASI SCHAINKER PHYSICIAN NETWORK, LLC",Psychiatry,1
"ABBASI SCHAINKER PHYSICIAN NETWORK, LLC",Physical Medicine & Rehabilitation,1
"ABBASI SCHAINKER PHYSICIAN NETWORK, LLC",Obstetrics & Gynecology,1
"ABBASI SCHAINKER PHYSICIAN NETWORK, LLC",Nephrology,1
"ABBASI SCHAINKER PHYSICIAN NETWORK, LLC",General Practice,1
"AALIYA I AMER,MD PA",Radiology,1
"AALIYA I AMER,MD PA",Psychiatry,1
SELECT SPECIALTY HOSPITAL WINSTON SALEM INC,Critical Care,1
SELECT SPECIALTY HOSPITAL - ZANESVILLE INC,Psychiatry,1
SELECT SPECIALTY HOSPITAL - ZANESVILLE INC,Pediatrics,1
SELECT SPECIALTY HOSPITAL - ZANESVILLE INC,Anesthesiology,1
SELECT SPECIALTY HOSPITAL - NORTHEAST OHIO INC,Surgery,1
SELECT SPECIALTY HOSPITAL - NORTHEAST OHIO INC,Psychiatry,1
"SOUTHEASTERN MEDICAL GROUP, PC",Surgery,1
"SOUTHEASTERN MEDICAL GROUP, PC",Pediatrics,1
"SOUTHEASTERN MEDICAL GROUP, PC",Obstetrics & Gynecology,1
"AALIYA I AMER,MD PA",Pathology,1
"AALIYA I AMER,MD PA",Orthopedic Surgery,1
"AALIYA I AMER,MD PA",Obstetrics & Gynecology,1
"AALIYA I AMER,MD PA",General Practice,1
"AALIYA I AMER,MD PA",Anesthesiology,1
AA HEALTH PLLC,Pathology,1
AA HEALTH PLLC,Orthopedic Surgery,1
"SOUTHEASTERN MEDICAL GROUP, PC",General Practice,1
"SOUTHEASTERN HOSPITALIST PHYSICIANS, LLP",Ophthalmology,1
"SOUTHEASTERN HOSPITALIST PHYSICIANS, LLP",Emergency Medicine,1
SELECT SPECIALTY HOSPITAL WINSTON SALEM INC,Pediatrics,1
SELECT SPECIALTY HOSPITAL WINSTON SALEM INC,Pathology,1
SELECT SPECIALTY HOSPITAL WINSTON SALEM INC,General Practice,1
AA HEALTH PLLC,Critical Care,1
AA HEALTH PLLC,Anesthesiology,1
A.M. HEALTHCARE INC,Pathology,1
A.M. HEALTHCARE INC,General Practice,1
A.M. HEALTHCARE INC,Family Medicine,1
A.M. HEALTHCARE INC,Emergency Medicine,1
A.M. HEALTHCARE INC,"Ear, Nose & Throat (ENT)",1
A.M. HEALTHCARE INC,Anesthesiology,1
90265 MEDICAL GROUP INC.,Psychiatry,1
90265 MEDICAL GROUP INC.,Obstetrics & Gynecology,1
STEEL VALLEY EMERGENCY PHYSICIANS TWIN CITY INC,"Ear, Nose & Throat (ENT)",1
"SOUTHERN EMERGENCY PHYSICIANS, LLP",Physical Medicine & Rehabilitation,1
"SOUTHERN EMERGENCY PHYSICIANS, LLP",Orthopedic Surgery,1
"SOUTHERN EMERGENCY PHYSICIANS, LLP",Ophthalmology,1
"SOUTHERN EMERGENCY PHYSICIANS, LLP",Emergency Medicine,1
"SOUTHERN EMERGENCY PHYSICIANS, LLP",Anesthesiology,1
UNITED WOUNDCARE INSTITUTE NORTH CAROLINA PLLC,"Ear, Nose & Throat (ENT)",1
UNITED WOUNDCARE INSTITUTE PENNSYLVANIA PLLC,Psychiatry,1
UNITED WOUNDCARE INSTITUTE PENNSYLVANIA PLLC,Pediatrics,1
UNITED WOUNDCARE INSTITUTE PENNSYLVANIA PLLC,Ophthalmology,1
1977 ENTERPRISE LLC,Anesthesiology,1
1977 ENTERPRISE LLC,Obstetrics & Gynecology,1
UNITED WOUNDCARE INSTITUTE PENNSYLVANIA PLLC,General Practice,1
UNITED WOUND & VASCULAR INSTITUTE OHIO PLLC,Family Medicine,1
UNITED WOUND & VASCULAR INSTITUTE OHIO PLLC,Emergency Medicine,1
UNITED WOUND & VASCULAR INSTITUTE OHIO PLLC,Critical Care,1
TELEHEALTH SOLUTION PLLC,Urology,1
TELEHEALTH SOLUTION PLLC,Radiology,1
TELEHEALTH SOLUTION PLLC,Psychiatry,1
TELEHEALTH SOLUTION PLLC,Hematology,1
"24 ON PHYSICIANS, P.C.",Obstetrics & Gynecology,1
"24 ON PHYSICIANS, P.C.",Infectious Disease,1
CABBAGE PALM INPATIENT SERVICES LLC,Psychiatry,1
CABBAGE PALM INPATIENT SERVICES LLC,General Practice,1
CABBAGE PALM INPATIENT SERVICES LLC,Emergency Medicine,1
BRONXCARE HEALTH SYSTEM,Pediatrics,1
BRONXCARE HEALTH SYSTEM,Pathology,1
BRONXCARE HEALTH SYSTEM,Orthopedic Surgery,1
BRONXCARE HEALTH SYSTEM,Internal Medicine,1
BRONXCARE HEALTH SYSTEM,General Practice,1
BRONXCARE HEALTH SYSTEM,Family Medicine,1
BRONXCARE HEALTH SYSTEM,Emergency Medicine,1
UNITED WOUNDCARE INSTITUTE PENNSYLVANIA PLLC,Family Medicine,1
UNITED WOUNDCARE INSTITUTE PENNSYLVANIA PLLC,Anesthesiology,1
UNITED WOUNDCARE INSTITUTE NORTH CAROLINA PLLC,Urology,1
UNITED WOUNDCARE INSTITUTE NORTH CAROLINA PLLC,Radiology,1
UNITED WOUNDCARE INSTITUTE NORTH CAROLINA PLLC,Psychiatry,1
UNITED WOUNDCARE INSTITUTE NORTH CAROLINA PLLC,Hematology,1
